[{
    "name": "张美丽",
    "age": 25,
    "gender": "女",
    "tel": 13785964568,
    "address": "新乡",
    "hobby": "eating"
}, {
    "name": "张美丽1",
    "age": 35,
    "gender": "女",
    "tel": 15985964568,
    "address": "洛阳",
    "hobby": "dancing"
}, {
    "name": "李明",
    "age": 45,
    "gender": "男",
    "tel": 18185964568,
    "address": "商丘",
    "hobby": "singing"
}, {
    "name": "李四",
    "age": 24,
    "gender": "男",
    "tel": 18085964568,
    "address": "新乡",
    "hobby": "running"
}]