[{"uname":"111","password":"111","id":"1613744203194"},{"uname":"888","password":"8888","id":"1613744213750"},{"uname":"888","password":"8888","id":"1613744221577"},{"uname":"11111","password":"111111","id":"1613744340828"},{"uname":"1111","password":"1111","id":"1613744361053"},{"uname":"111","password":"1111","id":"1613744524041"},{"uname":"111","password":"1111","id":"1613744573537"},{"uname":"","password":"","id":"1613745864087"},{"uname":"","password":"","id":"1613745864692"},{"uname":"","password":"","id":"1613745865128"},{"uname":"","password":"","id":"1613745865170"},{"uname":"","password":"","id":"1613745865200"},{"uname":"","password":"","id":"1613745865505"},{"uname":"","password":"","id":"1613745865527"},{"uname":"","password":"","id":"1613745865937"}]